{"summaries":[{"symbol":{"__symbol":0,"members":[]},"metadata":{"__symbolic":"class","members":{"__ctor__":[{"__symbolic":"constructor"}],"setSidType":[{"__symbolic":"method"}],"getSidType":[{"__symbolic":"method"}],"setRequestType":[{"__symbolic":"method"}],"getRequestType":[{"__symbolic":"method"}],"setSidId":[{"__symbolic":"method"}],"getSidId":[{"__symbolic":"method"}]}},"type":{"summaryKind":3,"type":{"reference":{"__symbol":0,"members":[]},"diDeps":[],"lifecycleHooks":[]}}}],"symbols":[{"__symbol":0,"name":"SidDescMenu","filePath":"c:/GITREPO/ubmwebui3/src/client/assets/app/model/commonSidData.model.d.ts"}]}